sku,fruit,variety,size,label,grade,origin
APPL001,Apple,Gala,Medium,FarmCo,A,USA
PEAC002,Peach,White,Small,FreshFarms,C,Brazil
PEAC003,Peach,White,Medium,FreshFarms,C,Mexico
MELO004,Melon,Cantaloupe,Medium,FarmCo,A,Chile
GRAP005,Grape,Red,Medium,FarmCo,C,USA
BERR006,Berry,Blueberry,Large,FarmCo,B,Brazil
BERR007,Berry,Raspberry,Large,FarmCo,C,Brazil
MANG008,Mango,Ataulfo,Small,OrganicLtd,A,USA
PEAC009,Peach,Yellow,Large,FreshFarms,B,Mexico
BERR010,Berry,Raspberry,Small,FarmCo,C,Mexico
PEAR011,Pear,Bosc,Large,FreshFarms,A,USA
BERR012,Berry,Raspberry,Medium,FarmCo,B,Chile
GRAP013,Grape,Red,Large,FreshFarms,C,Mexico
MELO014,Melon,Honeydew,Medium,FarmCo,C,Spain
PEAC015,Peach,White,Large,FarmCo,B,Mexico
PEAR016,Pear,Bosc,Small,OrganicLtd,C,Canada
MANG017,Mango,Kent,Small,OrganicLtd,A,Mexico
APPL018,Apple,Gala,Large,OrganicLtd,C,Brazil
MELO019,Melon,Honeydew,Large,FarmCo,A,Peru
PEAC020,Peach,White,Medium,FreshFarms,C,Peru
BERR021,Berry,Strawberry,Medium,OrganicLtd,A,Brazil
BERR022,Berry,Strawberry,Small,FarmCo,C,Canada
ORAN023,Orange,Blood,Small,FreshFarms,A,Canada
PEAC024,Peach,Yellow,Small,FarmCo,C,Mexico
APPL025,Apple,Honeycrisp,Large,OrganicLtd,C,Peru
ORAN026,Orange,Navel,Small,OrganicLtd,A,Chile
ORAN027,Orange,Valencia,Small,FreshFarms,A,USA
APPL028,Apple,Gala,Small,OrganicLtd,A,Brazil
PEAR029,Pear,Bosc,Large,FarmCo,C,Brazil
ORAN030,Orange,Valencia,Small,FarmCo,A,Peru
GRAP031,Grape,Green,Medium,FarmCo,A,Chile
MANG032,Mango,Kent,Large,FarmCo,C,Brazil
PEAR033,Pear,Anjou,Medium,OrganicLtd,B,Spain
BANA034,Banana,Cavendish,Small,OrganicLtd,A,Spain
BANA035,Banana,Cavendish,Large,FreshFarms,A,Chile
MANG036,Mango,Kent,Small,FreshFarms,C,Brazil
MELO037,Melon,Honeydew,Large,FreshFarms,B,Spain
GRAP038,Grape,Red,Large,OrganicLtd,A,Brazil
ORAN039,Orange,Valencia,Large,FarmCo,C,Canada
BANA040,Banana,Cavendish,Medium,FreshFarms,C,Canada
BERR041,Berry,Raspberry,Large,OrganicLtd,A,Peru
GRAP042,Grape,Green,Large,FreshFarms,C,USA
APPL043,Apple,Honeycrisp,Small,OrganicLtd,B,Mexico
PEAR044,Pear,Bosc,Large,FreshFarms,B,Peru
PEAC045,Peach,Yellow,Medium,OrganicLtd,C,Brazil
APPL046,Apple,Gala,Medium,FarmCo,B,Peru
BANA047,Banana,Cavendish,Large,FreshFarms,C,Chile
APPL048,Apple,Gala,Medium,FreshFarms,B,Spain
MANG049,Mango,Kent,Medium,FarmCo,C,Peru
ORAN050,Orange,Blood,Small,FarmCo,B,Peru
PEAC051,Peach,White,Small,FarmCo,A,Peru
APPL052,Apple,Honeycrisp,Large,OrganicLtd,A,Mexico
ORAN053,Orange,Blood,Large,FarmCo,B,Canada
BANA054,Banana,Cavendish,Medium,FreshFarms,C,USA
APPL055,Apple,Fuji,Medium,FarmCo,B,Mexico
MELO056,Melon,Honeydew,Small,FarmCo,B,Spain
APPL057,Apple,Gala,Small,FarmCo,C,Canada
MELO058,Melon,Honeydew,Medium,OrganicLtd,A,Spain
MANG059,Mango,Ataulfo,Large,FreshFarms,B,Spain
MELO060,Melon,Cantaloupe,Small,FreshFarms,C,Canada
APPL061,Apple,Gala,Small,FreshFarms,B,Canada
BERR062,Berry,Raspberry,Small,FreshFarms,C,USA
APPL063,Apple,Fuji,Small,FarmCo,C,Canada
BERR064,Berry,Blueberry,Large,FarmCo,B,USA
MANG065,Mango,Kent,Small,FreshFarms,A,Spain
MELO066,Melon,Cantaloupe,Medium,FreshFarms,B,Canada
PEAC067,Peach,Yellow,Small,OrganicLtd,B,Brazil
BERR068,Berry,Blueberry,Small,FreshFarms,A,Peru
MANG069,Mango,Ataulfo,Small,FreshFarms,B,Peru
BANA070,Banana,Cavendish,Large,OrganicLtd,B,Spain
ORAN071,Orange,Navel,Small,FarmCo,C,Mexico
APPL072,Apple,Fuji,Small,FarmCo,B,Chile
MELO073,Melon,Honeydew,Medium,FreshFarms,C,Peru
PEAR074,Pear,Anjou,Small,FreshFarms,A,Canada
BANA075,Banana,Cavendish,Small,FreshFarms,A,USA
APPL076,Apple,Honeycrisp,Medium,OrganicLtd,A,USA
MANG077,Mango,Ataulfo,Medium,FarmCo,C,USA
PEAR078,Pear,Bosc,Small,FarmCo,B,Brazil
BERR079,Berry,Raspberry,Small,FarmCo,C,Brazil
BANA080,Banana,Cavendish,Large,OrganicLtd,B,Chile
MANG081,Mango,Ataulfo,Medium,FreshFarms,C,Peru
PEAR082,Pear,Bosc,Small,FreshFarms,C,Peru
BERR083,Berry,Blueberry,Small,OrganicLtd,A,Spain
GRAP084,Grape,Red,Medium,OrganicLtd,B,Peru
MANG085,Mango,Kent,Small,OrganicLtd,A,USA
PEAR086,Pear,Bosc,Small,FreshFarms,A,Spain
MANG087,Mango,Ataulfo,Small,FarmCo,C,Brazil
BERR088,Berry,Raspberry,Medium,OrganicLtd,C,USA
ORAN089,Orange,Blood,Large,OrganicLtd,A,Peru
PEAC090,Peach,Yellow,Medium,OrganicLtd,C,Brazil
MANG091,Mango,Ataulfo,Large,OrganicLtd,A,Spain
APPL092,Apple,Honeycrisp,Small,OrganicLtd,A,Canada
MELO093,Melon,Honeydew,Medium,FarmCo,B,Spain
GRAP094,Grape,Green,Medium,FreshFarms,B,USA
BANA095,Banana,Cavendish,Small,FreshFarms,C,Spain
BERR096,Berry,Strawberry,Small,FreshFarms,B,Mexico
MANG097,Mango,Kent,Large,OrganicLtd,A,Spain
BERR098,Berry,Blueberry,Small,OrganicLtd,B,Brazil
MANG099,Mango,Kent,Small,FreshFarms,A,USA
APPL100,Apple,Honeycrisp,Large,FarmCo,C,Canada
ORAN101,Orange,Blood,Large,OrganicLtd,B,Mexico
PEAC102,Peach,White,Small,FarmCo,C,Peru
MANG103,Mango,Ataulfo,Large,FarmCo,C,Peru
GRAP104,Grape,Red,Medium,FreshFarms,C,Spain
ORAN105,Orange,Blood,Small,FarmCo,B,Brazil
BERR106,Berry,Strawberry,Medium,FreshFarms,C,USA
APPL107,Apple,Gala,Medium,FreshFarms,A,Chile
PEAR108,Pear,Bosc,Small,OrganicLtd,C,Peru
MELO109,Melon,Honeydew,Large,FreshFarms,A,Mexico
PEAC110,Peach,White,Small,FarmCo,B,USA
ORAN111,Orange,Valencia,Small,OrganicLtd,A,Spain
MANG112,Mango,Ataulfo,Large,FreshFarms,A,Brazil
BERR113,Berry,Raspberry,Medium,FarmCo,B,USA
ORAN114,Orange,Valencia,Large,FarmCo,B,Canada
BANA115,Banana,Cavendish,Small,FreshFarms,A,Chile
BANA116,Banana,Cavendish,Small,FarmCo,C,Peru
ORAN117,Orange,Blood,Small,FreshFarms,B,Peru
APPL118,Apple,Honeycrisp,Small,FarmCo,A,Brazil
ORAN119,Orange,Valencia,Medium,OrganicLtd,B,Mexico
APPL120,Apple,Gala,Medium,FreshFarms,B,Canada
GRAP121,Grape,Green,Small,OrganicLtd,A,USA
MELO122,Melon,Honeydew,Small,FreshFarms,A,Mexico
PEAR123,Pear,Anjou,Large,FarmCo,A,Spain
BANA124,Banana,Cavendish,Medium,FreshFarms,C,USA
BANA125,Banana,Cavendish,Medium,FarmCo,C,USA
BANA126,Banana,Cavendish,Medium,OrganicLtd,B,Peru
BANA127,Banana,Cavendish,Medium,OrganicLtd,B,USA
PEAR128,Pear,Anjou,Large,FreshFarms,C,Chile
APPL129,Apple,Fuji,Medium,FarmCo,B,Peru
BERR130,Berry,Blueberry,Small,FreshFarms,B,Brazil
ORAN131,Orange,Navel,Small,FreshFarms,A,Chile
BANA132,Banana,Cavendish,Medium,FarmCo,B,Brazil
BANA133,Banana,Cavendish,Medium,FreshFarms,C,Mexico
BERR134,Berry,Blueberry,Large,OrganicLtd,A,Brazil
PEAR135,Pear,Anjou,Small,OrganicLtd,B,Chile
MANG136,Mango,Kent,Small,FreshFarms,A,Spain
GRAP137,Grape,Red,Medium,OrganicLtd,B,USA
MANG138,Mango,Kent,Large,FreshFarms,B,Peru
APPL139,Apple,Gala,Medium,OrganicLtd,A,USA
GRAP140,Grape,Green,Large,OrganicLtd,C,Brazil
MANG141,Mango,Kent,Large,FreshFarms,B,Canada
PEAR142,Pear,Bosc,Small,FarmCo,B,Canada
MELO143,Melon,Honeydew,Small,OrganicLtd,A,Spain
BANA144,Banana,Cavendish,Medium,FreshFarms,B,Chile
BANA145,Banana,Cavendish,Large,FarmCo,B,Peru
MELO146,Melon,Honeydew,Large,FreshFarms,B,Brazil
BERR147,Berry,Raspberry,Large,FarmCo,A,USA
ORAN148,Orange,Valencia,Medium,OrganicLtd,B,Mexico
MELO149,Melon,Honeydew,Medium,OrganicLtd,B,Peru
PEAC150,Peach,Yellow,Medium,FreshFarms,C,Chile
BERR151,Berry,Blueberry,Large,FarmCo,B,Canada
BANA152,Banana,Cavendish,Small,OrganicLtd,A,USA
BERR153,Berry,Blueberry,Medium,FarmCo,C,USA
ORAN154,Orange,Blood,Large,OrganicLtd,B,USA
BERR155,Berry,Strawberry,Small,OrganicLtd,A,Canada
GRAP156,Grape,Red,Small,OrganicLtd,B,Mexico
ORAN157,Orange,Valencia,Medium,OrganicLtd,B,Brazil
BANA158,Banana,Cavendish,Medium,OrganicLtd,C,Brazil
BANA159,Banana,Cavendish,Large,FarmCo,C,Canada
BANA160,Banana,Cavendish,Small,FreshFarms,B,Spain
PEAC161,Peach,White,Medium,FreshFarms,C,Mexico
PEAR162,Pear,Anjou,Small,OrganicLtd,C,USA
PEAC163,Peach,Yellow,Small,OrganicLtd,A,Spain
BANA164,Banana,Cavendish,Small,OrganicLtd,C,Peru
BANA165,Banana,Cavendish,Large,FreshFarms,C,USA
MELO166,Melon,Honeydew,Medium,FreshFarms,B,USA
MELO167,Melon,Honeydew,Large,FreshFarms,B,Canada
MANG168,Mango,Kent,Medium,FreshFarms,A,USA
APPL169,Apple,Gala,Medium,FarmCo,B,Peru
APPL170,Apple,Gala,Small,FreshFarms,C,Mexico
PEAC171,Peach,Yellow,Medium,FarmCo,B,Chile
ORAN172,Orange,Blood,Small,FreshFarms,B,Chile
MANG173,Mango,Ataulfo,Medium,FarmCo,C,USA
PEAR174,Pear,Anjou,Small,FarmCo,C,Canada
PEAR175,Pear,Bosc,Medium,OrganicLtd,C,Peru
GRAP176,Grape,Green,Large,FreshFarms,B,Brazil
BERR177,Berry,Raspberry,Small,FarmCo,B,Chile
ORAN178,Orange,Navel,Medium,FreshFarms,C,Brazil
APPL179,Apple,Fuji,Medium,FreshFarms,B,USA
ORAN180,Orange,Navel,Small,FarmCo,A,Brazil
PEAR181,Pear,Anjou,Large,FarmCo,B,Chile
PEAC182,Peach,Yellow,Small,FarmCo,B,Mexico
BANA183,Banana,Cavendish,Medium,FreshFarms,B,USA
MELO184,Melon,Honeydew,Large,OrganicLtd,A,Peru
GRAP185,Grape,Green,Large,OrganicLtd,B,Chile
GRAP186,Grape,Green,Small,FarmCo,A,Chile
ORAN187,Orange,Navel,Large,FreshFarms,A,Mexico
GRAP188,Grape,Red,Large,OrganicLtd,C,Brazil
APPL189,Apple,Gala,Medium,OrganicLtd,B,USA
BERR190,Berry,Strawberry,Large,OrganicLtd,C,Chile
GRAP191,Grape,Red,Large,FarmCo,A,Chile
GRAP192,Grape,Green,Small,FreshFarms,C,Brazil
GRAP193,Grape,Red,Small,FarmCo,C,Chile
BERR194,Berry,Blueberry,Large,OrganicLtd,A,Spain
BANA195,Banana,Cavendish,Small,FarmCo,C,USA
BANA196,Banana,Cavendish,Medium,OrganicLtd,C,Mexico
PEAR197,Pear,Bosc,Small,FreshFarms,B,Chile
BANA198,Banana,Cavendish,Small,OrganicLtd,A,Chile
BERR199,Berry,Blueberry,Medium,FreshFarms,A,Mexico
MELO200,Melon,Cantaloupe,Large,FreshFarms,C,Brazil
MELO201,Melon,Honeydew,Large,FarmCo,B,Mexico
PEAC202,Peach,Yellow,Medium,FreshFarms,B,USA
PEAR203,Pear,Bosc,Medium,OrganicLtd,C,Mexico
BERR204,Berry,Blueberry,Large,OrganicLtd,C,Peru
PEAR205,Pear,Anjou,Medium,OrganicLtd,A,Canada
APPL206,Apple,Fuji,Large,OrganicLtd,A,Peru
BANA207,Banana,Cavendish,Small,FreshFarms,C,USA
APPL208,Apple,Gala,Small,FarmCo,A,Peru
BERR209,Berry,Strawberry,Small,FreshFarms,C,Brazil
BANA210,Banana,Cavendish,Medium,FreshFarms,A,Canada
GRAP211,Grape,Red,Large,FreshFarms,C,Spain
PEAC212,Peach,White,Small,FreshFarms,B,Chile
MELO213,Melon,Honeydew,Small,OrganicLtd,A,Brazil
PEAC214,Peach,Yellow,Small,OrganicLtd,A,Chile
MELO215,Melon,Cantaloupe,Small,FreshFarms,A,Spain
BANA216,Banana,Cavendish,Small,FarmCo,C,Spain
MELO217,Melon,Cantaloupe,Large,FarmCo,B,Spain
ORAN218,Orange,Blood,Large,FreshFarms,C,Mexico
APPL219,Apple,Fuji,Medium,OrganicLtd,C,Brazil
APPL220,Apple,Honeycrisp,Small,FreshFarms,A,Canada
GRAP221,Grape,Red,Medium,FarmCo,C,Canada
BANA222,Banana,Cavendish,Medium,FreshFarms,B,Brazil
APPL223,Apple,Fuji,Large,FreshFarms,C,Brazil
APPL224,Apple,Honeycrisp,Large,OrganicLtd,B,Peru
APPL225,Apple,Fuji,Medium,OrganicLtd,A,Brazil
BERR226,Berry,Blueberry,Small,FarmCo,B,Peru
APPL227,Apple,Fuji,Large,OrganicLtd,C,Peru
GRAP228,Grape,Red,Large,OrganicLtd,B,Brazil
GRAP229,Grape,Red,Small,OrganicLtd,B,Spain
PEAR230,Pear,Anjou,Small,FarmCo,B,Spain
APPL231,Apple,Honeycrisp,Small,OrganicLtd,A,Canada
BERR232,Berry,Blueberry,Large,FreshFarms,B,Brazil
PEAC233,Peach,White,Small,FarmCo,A,Chile
APPL234,Apple,Fuji,Small,FreshFarms,A,Peru
MANG235,Mango,Ataulfo,Large,OrganicLtd,A,USA
MELO236,Melon,Honeydew,Medium,FarmCo,C,Mexico
ORAN237,Orange,Blood,Large,FarmCo,C,USA
MELO238,Melon,Honeydew,Medium,FreshFarms,B,Canada
APPL239,Apple,Fuji,Large,FreshFarms,B,Chile
MELO240,Melon,Honeydew,Medium,FarmCo,C,Spain
PEAC241,Peach,Yellow,Small,OrganicLtd,A,Spain
PEAC242,Peach,White,Medium,FarmCo,C,Brazil
PEAR243,Pear,Bosc,Medium,OrganicLtd,A,Peru
PEAR244,Pear,Anjou,Large,OrganicLtd,B,USA
PEAR245,Pear,Bosc,Medium,FarmCo,B,USA
MANG246,Mango,Kent,Large,OrganicLtd,B,Spain
MELO247,Melon,Cantaloupe,Small,FarmCo,B,USA
PEAC248,Peach,White,Medium,FreshFarms,B,Spain
BERR249,Berry,Raspberry,Medium,FarmCo,B,USA
MANG250,Mango,Kent,Medium,FarmCo,B,Brazil
PEAC251,Peach,White,Large,FarmCo,C,Brazil
BERR252,Berry,Raspberry,Small,OrganicLtd,C,Canada
BERR253,Berry,Strawberry,Medium,FreshFarms,C,Mexico
APPL254,Apple,Gala,Large,FreshFarms,B,USA
ORAN255,Orange,Navel,Large,FarmCo,C,Chile
MANG256,Mango,Kent,Medium,FarmCo,B,Brazil
BANA257,Banana,Cavendish,Medium,OrganicLtd,A,Chile
BANA258,Banana,Cavendish,Medium,OrganicLtd,A,Mexico
BANA259,Banana,Cavendish,Medium,OrganicLtd,C,Peru
APPL260,Apple,Honeycrisp,Large,FarmCo,C,Peru
PEAC261,Peach,Yellow,Medium,OrganicLtd,A,USA
MELO262,Melon,Cantaloupe,Medium,FarmCo,B,Canada
GRAP263,Grape,Green,Large,FreshFarms,A,Spain
MANG264,Mango,Kent,Small,OrganicLtd,C,Mexico
MELO265,Melon,Cantaloupe,Medium,FarmCo,A,Peru
MANG266,Mango,Kent,Medium,OrganicLtd,A,Peru
BERR267,Berry,Raspberry,Small,FreshFarms,C,USA
MELO268,Melon,Cantaloupe,Large,FreshFarms,A,Spain
ORAN269,Orange,Navel,Medium,OrganicLtd,B,Chile
MANG270,Mango,Ataulfo,Medium,OrganicLtd,B,Spain
ORAN271,Orange,Navel,Medium,FarmCo,A,Peru
BANA272,Banana,Cavendish,Medium,OrganicLtd,A,USA
PEAC273,Peach,Yellow,Large,FreshFarms,B,USA
BANA274,Banana,Cavendish,Small,FreshFarms,A,Brazil
BERR275,Berry,Raspberry,Large,FreshFarms,C,Canada
MANG276,Mango,Ataulfo,Small,FarmCo,B,Spain
GRAP277,Grape,Red,Medium,FarmCo,B,USA
ORAN278,Orange,Navel,Medium,FarmCo,A,Brazil
APPL279,Apple,Fuji,Medium,OrganicLtd,C,Spain
MANG280,Mango,Ataulfo,Small,FarmCo,C,Spain
PEAC281,Peach,White,Small,OrganicLtd,C,USA
ORAN282,Orange,Valencia,Medium,FarmCo,B,USA
BANA283,Banana,Cavendish,Small,FarmCo,B,Canada
BANA284,Banana,Cavendish,Small,FarmCo,A,Peru
PEAR285,Pear,Anjou,Small,FreshFarms,C,Peru
PEAC286,Peach,Yellow,Small,FarmCo,C,Canada
BERR287,Berry,Strawberry,Small,FreshFarms,A,Mexico
PEAC288,Peach,White,Medium,OrganicLtd,A,Brazil
APPL289,Apple,Gala,Large,FarmCo,C,Brazil
BANA290,Banana,Cavendish,Small,FarmCo,B,Chile
APPL291,Apple,Gala,Small,FarmCo,C,Chile
BANA292,Banana,Cavendish,Large,FreshFarms,A,Brazil
PEAC293,Peach,White,Large,FarmCo,A,Canada
MELO294,Melon,Cantaloupe,Large,FreshFarms,A,Mexico
PEAC295,Peach,White,Small,FreshFarms,B,Mexico
MANG296,Mango,Ataulfo,Small,FreshFarms,A,Peru
MANG297,Mango,Ataulfo,Large,FarmCo,B,Canada
MELO298,Melon,Honeydew,Large,FarmCo,C,Chile
MANG299,Mango,Kent,Medium,FarmCo,C,Canada
PEAC300,Peach,Yellow,Large,FarmCo,A,Peru
PEAC301,Peach,Yellow,Medium,OrganicLtd,B,Brazil
ORAN302,Orange,Blood,Medium,OrganicLtd,B,Mexico
BANA303,Banana,Cavendish,Medium,FreshFarms,A,Chile
GRAP304,Grape,Red,Medium,FreshFarms,A,Peru
BERR305,Berry,Blueberry,Large,OrganicLtd,A,Mexico
GRAP306,Grape,Red,Large,OrganicLtd,B,Canada
PEAC307,Peach,Yellow,Medium,OrganicLtd,B,USA
PEAC308,Peach,White,Medium,OrganicLtd,A,Canada
BANA309,Banana,Cavendish,Small,OrganicLtd,B,Mexico
APPL310,Apple,Fuji,Large,FreshFarms,B,USA
ORAN311,Orange,Valencia,Large,OrganicLtd,C,Mexico
BANA312,Banana,Cavendish,Small,FarmCo,A,USA
MELO313,Melon,Cantaloupe,Medium,FreshFarms,C,Peru
GRAP314,Grape,Green,Large,FarmCo,B,Spain
GRAP315,Grape,Red,Medium,OrganicLtd,C,Canada
MELO316,Melon,Cantaloupe,Medium,OrganicLtd,C,Chile
GRAP317,Grape,Red,Medium,FreshFarms,B,Brazil
MELO318,Melon,Honeydew,Medium,FreshFarms,A,Peru
BANA319,Banana,Cavendish,Small,OrganicLtd,C,Peru
MELO320,Melon,Cantaloupe,Large,OrganicLtd,C,Mexico
MELO321,Melon,Cantaloupe,Medium,OrganicLtd,C,Chile
BANA322,Banana,Cavendish,Small,FarmCo,A,USA
BERR323,Berry,Raspberry,Medium,FreshFarms,A,Peru
MANG324,Mango,Ataulfo,Large,OrganicLtd,B,Peru
MANG325,Mango,Kent,Small,OrganicLtd,C,Spain
ORAN326,Orange,Blood,Small,FarmCo,C,Spain
BANA327,Banana,Cavendish,Large,OrganicLtd,A,Brazil
PEAC328,Peach,White,Small,OrganicLtd,A,Brazil
BANA329,Banana,Cavendish,Large,FarmCo,B,Spain
ORAN330,Orange,Blood,Large,FreshFarms,B,Mexico
MELO331,Melon,Honeydew,Small,FreshFarms,C,USA
GRAP332,Grape,Green,Large,OrganicLtd,B,Brazil
GRAP333,Grape,Red,Small,OrganicLtd,B,Mexico
GRAP334,Grape,Red,Medium,FarmCo,A,Brazil
PEAC335,Peach,White,Large,FarmCo,B,Brazil
PEAR336,Pear,Bosc,Medium,FarmCo,B,Spain
ORAN337,Orange,Navel,Large,FarmCo,C,Mexico
MELO338,Melon,Cantaloupe,Small,FarmCo,B,Chile
MANG339,Mango,Kent,Medium,OrganicLtd,B,Spain
BERR340,Berry,Strawberry,Large,FarmCo,A,Mexico
MANG341,Mango,Ataulfo,Medium,FarmCo,A,Brazil
BERR342,Berry,Raspberry,Medium,FarmCo,A,Canada
PEAC343,Peach,Yellow,Large,FreshFarms,B,Spain
BANA344,Banana,Cavendish,Medium,FarmCo,C,Spain
MANG345,Mango,Ataulfo,Medium,FreshFarms,C,Mexico
ORAN346,Orange,Valencia,Medium,OrganicLtd,B,Mexico
BERR347,Berry,Raspberry,Medium,FreshFarms,B,Canada
PEAC348,Peach,White,Small,FreshFarms,B,USA
MANG349,Mango,Kent,Medium,FarmCo,C,Mexico
BERR350,Berry,Blueberry,Small,FarmCo,C,Brazil
PEAC351,Peach,White,Large,FreshFarms,C,Spain
PEAR352,Pear,Anjou,Large,FreshFarms,B,Mexico
BERR353,Berry,Raspberry,Large,FarmCo,A,Brazil
BERR354,Berry,Blueberry,Small,FreshFarms,A,Chile
APPL355,Apple,Fuji,Small,FreshFarms,A,Peru
BERR356,Berry,Strawberry,Small,FarmCo,C,Canada
APPL357,Apple,Gala,Small,FarmCo,B,Chile
APPL358,Apple,Gala,Small,OrganicLtd,C,Mexico
ORAN359,Orange,Blood,Medium,FarmCo,A,Chile
PEAC360,Peach,Yellow,Large,FarmCo,A,Mexico
PEAC361,Peach,White,Medium,FarmCo,B,Mexico
PEAC362,Peach,Yellow,Large,FreshFarms,A,Chile
BERR363,Berry,Raspberry,Medium,FreshFarms,C,Brazil
BANA364,Banana,Cavendish,Medium,FarmCo,C,USA
GRAP365,Grape,Red,Large,FarmCo,C,Spain
BANA366,Banana,Cavendish,Small,OrganicLtd,C,Canada
PEAR367,Pear,Anjou,Large,OrganicLtd,A,Chile
ORAN368,Orange,Blood,Medium,FarmCo,C,Brazil
MANG369,Mango,Kent,Medium,OrganicLtd,B,Mexico
PEAC370,Peach,White,Medium,FarmCo,C,Chile
BERR371,Berry,Strawberry,Medium,FarmCo,B,Brazil
PEAC372,Peach,Yellow,Medium,OrganicLtd,A,Chile
PEAC373,Peach,White,Small,FreshFarms,A,Canada
MANG374,Mango,Ataulfo,Small,FarmCo,B,Canada
BERR375,Berry,Raspberry,Medium,OrganicLtd,A,Spain
MELO376,Melon,Cantaloupe,Small,FreshFarms,C,Peru
ORAN377,Orange,Navel,Small,FreshFarms,A,Canada
BANA378,Banana,Cavendish,Medium,OrganicLtd,A,Brazil
MANG379,Mango,Kent,Small,FreshFarms,A,Spain
BERR380,Berry,Raspberry,Large,FarmCo,C,Canada
BANA381,Banana,Cavendish,Small,OrganicLtd,C,Chile
MANG382,Mango,Kent,Large,FreshFarms,A,Mexico
MANG383,Mango,Ataulfo,Large,OrganicLtd,A,USA
APPL384,Apple,Gala,Small,FarmCo,B,Spain
PEAR385,Pear,Bosc,Large,FreshFarms,C,Peru
GRAP386,Grape,Green,Medium,OrganicLtd,A,Mexico
BERR387,Berry,Raspberry,Medium,OrganicLtd,B,Brazil
MANG388,Mango,Ataulfo,Medium,FarmCo,A,Mexico
ORAN389,Orange,Navel,Medium,FreshFarms,C,Chile
PEAR390,Pear,Anjou,Large,FarmCo,A,Brazil
PEAR391,Pear,Bosc,Medium,OrganicLtd,C,Spain
PEAC392,Peach,Yellow,Large,FarmCo,C,Mexico
MELO393,Melon,Honeydew,Medium,FreshFarms,C,Chile
ORAN394,Orange,Navel,Large,OrganicLtd,B,Spain
APPL395,Apple,Gala,Medium,OrganicLtd,B,Canada
ORAN396,Orange,Blood,Small,FarmCo,C,Spain
APPL397,Apple,Honeycrisp,Large,FreshFarms,A,Brazil
GRAP398,Grape,Red,Large,FreshFarms,B,Spain
PEAR399,Pear,Anjou,Medium,OrganicLtd,C,Canada
PEAR400,Pear,Anjou,Small,FarmCo,A,Canada
MANG401,Mango,Kent,Large,FreshFarms,B,Canada
PEAC402,Peach,Yellow,Small,FreshFarms,C,Peru
BANA403,Banana,Cavendish,Small,FarmCo,C,Brazil
PEAR404,Pear,Bosc,Large,FreshFarms,B,Brazil
ORAN405,Orange,Valencia,Medium,FreshFarms,C,Spain
PEAR406,Pear,Bosc,Medium,OrganicLtd,C,USA
BANA407,Banana,Cavendish,Small,OrganicLtd,B,Canada
BANA408,Banana,Cavendish,Small,OrganicLtd,C,Brazil
ORAN409,Orange,Valencia,Large,FarmCo,C,USA
BANA410,Banana,Cavendish,Small,OrganicLtd,A,Canada
ORAN411,Orange,Blood,Large,FarmCo,A,Peru
PEAR412,Pear,Anjou,Small,OrganicLtd,C,Peru
MANG413,Mango,Ataulfo,Small,FreshFarms,C,Canada
MELO414,Melon,Cantaloupe,Small,FreshFarms,B,Mexico
GRAP415,Grape,Red,Small,OrganicLtd,B,Canada
BERR416,Berry,Strawberry,Small,OrganicLtd,A,Canada
ORAN417,Orange,Navel,Large,FreshFarms,A,Chile
MELO418,Melon,Honeydew,Medium,FarmCo,B,Chile
MELO419,Melon,Honeydew,Small,FarmCo,C,Brazil
BERR420,Berry,Strawberry,Medium,FarmCo,C,Brazil
GRAP421,Grape,Red,Small,FarmCo,C,Spain
GRAP422,Grape,Red,Large,FreshFarms,B,Chile
GRAP423,Grape,Red,Large,FarmCo,C,Chile
BANA424,Banana,Cavendish,Large,FarmCo,B,Brazil
GRAP425,Grape,Red,Medium,FreshFarms,C,Brazil
MANG426,Mango,Kent,Medium,FreshFarms,A,Chile
APPL427,Apple,Gala,Large,FreshFarms,B,USA
PEAR428,Pear,Bosc,Medium,FarmCo,A,Mexico
MANG429,Mango,Kent,Medium,OrganicLtd,B,USA
MELO430,Melon,Cantaloupe,Medium,FreshFarms,B,Brazil
PEAC431,Peach,White,Large,FarmCo,A,Peru
MELO432,Melon,Honeydew,Small,FarmCo,A,Mexico
GRAP433,Grape,Red,Small,OrganicLtd,B,Chile
APPL434,Apple,Gala,Small,OrganicLtd,B,Peru
BANA435,Banana,Cavendish,Large,FarmCo,C,Peru
BANA436,Banana,Cavendish,Large,FreshFarms,C,Peru
APPL437,Apple,Honeycrisp,Medium,FarmCo,A,Brazil
BANA438,Banana,Cavendish,Large,FreshFarms,A,Brazil
MELO439,Melon,Honeydew,Small,FarmCo,A,Chile
APPL440,Apple,Gala,Small,OrganicLtd,A,Peru
PEAC441,Peach,White,Large,FreshFarms,B,Canada
PEAC442,Peach,White,Large,FarmCo,A,Chile
PEAR443,Pear,Bosc,Small,FarmCo,C,Spain
ORAN444,Orange,Blood,Medium,FarmCo,B,Peru
BANA445,Banana,Cavendish,Small,OrganicLtd,A,Canada
BERR446,Berry,Blueberry,Medium,OrganicLtd,C,Peru
GRAP447,Grape,Red,Small,FreshFarms,C,Spain
PEAR448,Pear,Anjou,Medium,FreshFarms,B,Brazil
BANA449,Banana,Cavendish,Medium,OrganicLtd,B,Canada
PEAC450,Peach,White,Large,FreshFarms,C,Chile
GRAP451,Grape,Red,Small,FreshFarms,A,Canada
MELO452,Melon,Cantaloupe,Large,FarmCo,C,Chile
MELO453,Melon,Honeydew,Medium,FreshFarms,B,Canada
MANG454,Mango,Kent,Large,FarmCo,B,Brazil
ORAN455,Orange,Navel,Small,OrganicLtd,A,Spain
GRAP456,Grape,Red,Small,FarmCo,C,Mexico
BERR457,Berry,Raspberry,Medium,FarmCo,C,Peru
APPL458,Apple,Gala,Large,FarmCo,B,Spain
PEAR459,Pear,Anjou,Medium,OrganicLtd,B,Spain
BERR460,Berry,Strawberry,Large,FreshFarms,A,Peru
APPL461,Apple,Gala,Small,OrganicLtd,C,Canada
BERR462,Berry,Raspberry,Small,FreshFarms,A,Canada
BANA463,Banana,Cavendish,Medium,OrganicLtd,A,Chile
MELO464,Melon,Honeydew,Large,OrganicLtd,A,USA
APPL465,Apple,Fuji,Large,FarmCo,C,Peru
BANA466,Banana,Cavendish,Medium,FreshFarms,B,Peru
PEAR467,Pear,Bosc,Medium,FarmCo,B,Peru
GRAP468,Grape,Green,Medium,OrganicLtd,B,Canada
ORAN469,Orange,Valencia,Small,FarmCo,C,Canada
MELO470,Melon,Honeydew,Large,FreshFarms,B,Peru
BANA471,Banana,Cavendish,Small,OrganicLtd,C,Spain
ORAN472,Orange,Blood,Small,FarmCo,C,Brazil
GRAP473,Grape,Red,Large,FreshFarms,B,Canada
ORAN474,Orange,Blood,Medium,OrganicLtd,C,Spain
ORAN475,Orange,Navel,Small,OrganicLtd,A,Spain
BANA476,Banana,Cavendish,Medium,FreshFarms,B,USA
BERR477,Berry,Raspberry,Small,FarmCo,C,Brazil
PEAR478,Pear,Bosc,Small,FreshFarms,A,USA
PEAC479,Peach,Yellow,Large,OrganicLtd,C,Canada
PEAC480,Peach,White,Large,FarmCo,C,Spain
MANG481,Mango,Kent,Large,FarmCo,C,Mexico
BANA482,Banana,Cavendish,Large,FreshFarms,B,Canada
GRAP483,Grape,Red,Medium,OrganicLtd,A,Spain
APPL484,Apple,Honeycrisp,Small,FarmCo,C,Canada
BANA485,Banana,Cavendish,Large,FarmCo,A,Canada
APPL486,Apple,Honeycrisp,Medium,FarmCo,B,Chile
ORAN487,Orange,Navel,Medium,FarmCo,B,Brazil
BERR488,Berry,Raspberry,Medium,FreshFarms,C,Chile
ORAN489,Orange,Navel,Medium,FreshFarms,B,Spain
PEAC490,Peach,White,Large,FreshFarms,C,USA
PEAR491,Pear,Bosc,Large,FreshFarms,C,Canada
BANA492,Banana,Cavendish,Small,FarmCo,A,Brazil
ORAN493,Orange,Blood,Small,OrganicLtd,B,Chile
GRAP494,Grape,Green,Large,OrganicLtd,B,Brazil
BERR495,Berry,Raspberry,Large,OrganicLtd,B,Chile
BERR496,Berry,Strawberry,Large,FarmCo,C,Brazil
BERR497,Berry,Blueberry,Large,FarmCo,A,Chile
ORAN498,Orange,Valencia,Small,FreshFarms,B,Spain
PEAR499,Pear,Bosc,Large,OrganicLtd,A,USA
BERR500,Berry,Strawberry,Medium,FarmCo,B,Canada
MANG501,Mango,Ataulfo,Medium,FarmCo,C,Spain
PEAR502,Pear,Anjou,Large,OrganicLtd,B,Peru
BANA503,Banana,Cavendish,Large,FreshFarms,C,Peru
BANA504,Banana,Cavendish,Large,FreshFarms,C,Chile
MANG505,Mango,Kent,Small,OrganicLtd,B,Chile
BANA506,Banana,Cavendish,Medium,OrganicLtd,B,Brazil
BANA507,Banana,Cavendish,Medium,FarmCo,B,Brazil
GRAP508,Grape,Red,Small,FreshFarms,A,Chile
BERR509,Berry,Blueberry,Small,OrganicLtd,B,Chile
BANA510,Banana,Cavendish,Small,FarmCo,B,Chile
BANA511,Banana,Cavendish,Medium,FreshFarms,A,Peru
BANA512,Banana,Cavendish,Large,FarmCo,C,Spain
ORAN513,Orange,Blood,Medium,FarmCo,B,Brazil
GRAP514,Grape,Red,Medium,FreshFarms,B,Peru
APPL515,Apple,Gala,Small,FarmCo,C,Spain
BANA516,Banana,Cavendish,Small,FreshFarms,C,Canada
MANG517,Mango,Ataulfo,Medium,OrganicLtd,C,Peru
PEAC518,Peach,Yellow,Small,FarmCo,B,Mexico
GRAP519,Grape,Green,Medium,OrganicLtd,B,Spain
MANG520,Mango,Ataulfo,Small,OrganicLtd,A,Peru
ORAN521,Orange,Blood,Small,OrganicLtd,A,Spain
MELO522,Melon,Honeydew,Large,OrganicLtd,A,Chile
PEAR523,Pear,Bosc,Small,FarmCo,C,Canada
ORAN524,Orange,Blood,Medium,OrganicLtd,A,Spain
MELO525,Melon,Cantaloupe,Medium,FreshFarms,A,Mexico
PEAR526,Pear,Bosc,Small,FarmCo,B,Brazil
GRAP527,Grape,Red,Large,OrganicLtd,B,Mexico
ORAN528,Orange,Navel,Large,FreshFarms,A,Mexico
APPL529,Apple,Fuji,Large,OrganicLtd,B,Peru
BANA530,Banana,Cavendish,Small,OrganicLtd,C,Chile
GRAP531,Grape,Red,Small,FarmCo,A,Peru
APPL532,Apple,Fuji,Small,FarmCo,B,Chile
APPL533,Apple,Honeycrisp,Medium,FarmCo,C,Mexico
MANG534,Mango,Ataulfo,Large,FreshFarms,A,Peru
GRAP535,Grape,Red,Small,FreshFarms,B,Canada
BERR536,Berry,Raspberry,Large,FreshFarms,A,Canada
MELO537,Melon,Honeydew,Small,FarmCo,B,USA
ORAN538,Orange,Blood,Small,OrganicLtd,B,Mexico
PEAC539,Peach,White,Large,OrganicLtd,A,Spain
BANA540,Banana,Cavendish,Medium,FreshFarms,B,Brazil
MELO541,Melon,Cantaloupe,Medium,FreshFarms,C,Peru
PEAC542,Peach,Yellow,Large,OrganicLtd,C,Chile
BANA543,Banana,Cavendish,Medium,OrganicLtd,B,Chile
PEAC544,Peach,Yellow,Medium,FarmCo,B,USA
ORAN545,Orange,Blood,Medium,FarmCo,C,Peru
MANG546,Mango,Kent,Small,FarmCo,A,Mexico
ORAN547,Orange,Blood,Medium,FreshFarms,A,Spain
MELO548,Melon,Cantaloupe,Large,FarmCo,A,Brazil
ORAN549,Orange,Navel,Small,OrganicLtd,A,Chile
PEAR550,Pear,Anjou,Large,FreshFarms,C,Canada
MANG551,Mango,Kent,Medium,FreshFarms,A,Peru
APPL552,Apple,Gala,Medium,FarmCo,C,Peru
PEAR553,Pear,Bosc,Small,FarmCo,B,Brazil
ORAN554,Orange,Blood,Medium,OrganicLtd,B,Brazil
BERR555,Berry,Raspberry,Large,OrganicLtd,C,Canada
ORAN556,Orange,Blood,Small,FreshFarms,B,Chile
ORAN557,Orange,Navel,Small,FreshFarms,A,Spain
APPL558,Apple,Fuji,Medium,FarmCo,C,Spain
BERR559,Berry,Raspberry,Large,FarmCo,A,Chile
BERR560,Berry,Blueberry,Large,OrganicLtd,A,Canada
PEAR561,Pear,Bosc,Medium,OrganicLtd,C,Brazil
PEAC562,Peach,White,Small,FarmCo,B,USA
GRAP563,Grape,Red,Large,FarmCo,C,Brazil
BERR564,Berry,Strawberry,Large,FarmCo,C,Brazil
GRAP565,Grape,Red,Small,FarmCo,A,Brazil
MELO566,Melon,Honeydew,Small,FarmCo,B,Spain
MANG567,Mango,Kent,Large,FreshFarms,C,USA
ORAN568,Orange,Valencia,Small,OrganicLtd,A,USA
ORAN569,Orange,Valencia,Medium,OrganicLtd,C,Canada
MELO570,Melon,Honeydew,Small,FarmCo,C,USA
MELO571,Melon,Cantaloupe,Medium,OrganicLtd,C,Mexico
APPL572,Apple,Gala,Small,OrganicLtd,C,Peru
BANA573,Banana,Cavendish,Large,OrganicLtd,A,USA
ORAN574,Orange,Valencia,Small,FreshFarms,C,Brazil
GRAP575,Grape,Green,Small,OrganicLtd,A,Mexico
MANG576,Mango,Kent,Medium,FreshFarms,B,Peru
PEAC577,Peach,White,Small,FreshFarms,C,Mexico
PEAR578,Pear,Bosc,Large,OrganicLtd,A,Mexico
MELO579,Melon,Cantaloupe,Medium,FreshFarms,A,Spain
GRAP580,Grape,Green,Large,OrganicLtd,C,Mexico
BERR581,Berry,Raspberry,Large,OrganicLtd,C,Brazil
PEAR582,Pear,Anjou,Small,FreshFarms,C,Peru
GRAP583,Grape,Red,Large,FreshFarms,B,USA
BERR584,Berry,Strawberry,Medium,FarmCo,B,Peru
MANG585,Mango,Kent,Large,FreshFarms,C,Chile
PEAC586,Peach,White,Large,OrganicLtd,C,Chile
PEAR587,Pear,Bosc,Small,FreshFarms,A,Spain
PEAC588,Peach,White,Small,FreshFarms,B,Canada
MELO589,Melon,Honeydew,Small,OrganicLtd,B,Canada
BANA590,Banana,Cavendish,Small,FreshFarms,B,Peru
ORAN591,Orange,Blood,Small,FreshFarms,B,Canada
PEAR592,Pear,Anjou,Medium,FarmCo,C,USA
PEAR593,Pear,Anjou,Large,FreshFarms,B,Mexico
BERR594,Berry,Blueberry,Medium,FreshFarms,B,Chile
ORAN595,Orange,Navel,Large,FreshFarms,A,USA
APPL596,Apple,Honeycrisp,Large,FreshFarms,C,Brazil
PEAR597,Pear,Anjou,Large,OrganicLtd,A,Brazil
APPL598,Apple,Honeycrisp,Medium,OrganicLtd,A,Canada
GRAP599,Grape,Red,Large,OrganicLtd,C,Canada
APPL600,Apple,Gala,Small,FarmCo,B,Spain
BERR601,Berry,Blueberry,Small,FarmCo,B,Peru
MANG602,Mango,Ataulfo,Large,FarmCo,B,Brazil
APPL603,Apple,Gala,Small,FarmCo,B,Peru
PEAR604,Pear,Anjou,Large,FarmCo,C,Spain
GRAP605,Grape,Red,Small,OrganicLtd,C,Canada
APPL606,Apple,Gala,Small,OrganicLtd,A,Brazil
BANA607,Banana,Cavendish,Medium,FreshFarms,C,Mexico
MANG608,Mango,Kent,Large,FreshFarms,A,USA
ORAN609,Orange,Valencia,Small,OrganicLtd,B,Mexico
GRAP610,Grape,Green,Small,FreshFarms,C,Chile
MELO611,Melon,Honeydew,Small,FreshFarms,C,Spain
APPL612,Apple,Honeycrisp,Medium,OrganicLtd,A,Canada
BERR613,Berry,Raspberry,Medium,FreshFarms,C,Spain
MANG614,Mango,Ataulfo,Medium,FreshFarms,A,Mexico
PEAR615,Pear,Anjou,Medium,OrganicLtd,A,Canada
MANG616,Mango,Ataulfo,Large,FarmCo,A,USA
MANG617,Mango,Kent,Small,FreshFarms,C,Chile
BERR618,Berry,Raspberry,Small,FarmCo,B,Brazil
MANG619,Mango,Ataulfo,Medium,FarmCo,A,Chile
PEAR620,Pear,Bosc,Medium,FarmCo,C,USA
MELO621,Melon,Honeydew,Large,FreshFarms,A,USA
PEAC622,Peach,Yellow,Large,FreshFarms,C,Peru
BERR623,Berry,Raspberry,Small,FarmCo,C,Canada
PEAC624,Peach,White,Large,OrganicLtd,C,Canada
ORAN625,Orange,Navel,Small,FreshFarms,B,Peru
PEAC626,Peach,White,Large,OrganicLtd,C,Spain
PEAR627,Pear,Anjou,Medium,FreshFarms,C,USA
PEAC628,Peach,White,Large,FreshFarms,A,Brazil
PEAC629,Peach,White,Large,OrganicLtd,C,Chile
GRAP630,Grape,Green,Large,FreshFarms,B,Brazil
BANA631,Banana,Cavendish,Small,FreshFarms,B,Brazil
GRAP632,Grape,Red,Large,FarmCo,B,Mexico
PEAC633,Peach,Yellow,Large,FreshFarms,A,Mexico
MANG634,Mango,Kent,Small,FarmCo,C,USA
PEAR635,Pear,Bosc,Small,OrganicLtd,C,Peru
PEAC636,Peach,White,Small,FreshFarms,B,Brazil
GRAP637,Grape,Red,Small,FreshFarms,A,USA
ORAN638,Orange,Valencia,Large,FreshFarms,C,Spain
GRAP639,Grape,Green,Medium,FarmCo,C,Spain
GRAP640,Grape,Green,Medium,FarmCo,A,Spain
GRAP641,Grape,Red,Medium,OrganicLtd,B,Chile
PEAR642,Pear,Anjou,Small,FreshFarms,A,USA
ORAN643,Orange,Valencia,Small,FreshFarms,B,USA
APPL644,Apple,Gala,Large,FarmCo,A,Spain
BANA645,Banana,Cavendish,Large,FarmCo,C,Mexico
APPL646,Apple,Honeycrisp,Large,FarmCo,A,USA
ORAN647,Orange,Blood,Large,FarmCo,A,Spain
ORAN648,Orange,Valencia,Medium,FarmCo,A,Brazil
MANG649,Mango,Kent,Large,FarmCo,A,Spain
BERR650,Berry,Raspberry,Medium,OrganicLtd,A,USA
MELO651,Melon,Cantaloupe,Large,OrganicLtd,A,USA
PEAC652,Peach,White,Large,FreshFarms,C,Peru
MELO653,Melon,Honeydew,Medium,FarmCo,C,Peru
ORAN654,Orange,Navel,Large,FreshFarms,B,Peru
GRAP655,Grape,Green,Large,FreshFarms,A,USA
APPL656,Apple,Gala,Medium,OrganicLtd,C,Peru
PEAR657,Pear,Bosc,Small,FarmCo,B,Peru
MANG658,Mango,Kent,Medium,FreshFarms,A,Spain
APPL659,Apple,Gala,Large,FreshFarms,C,Canada
PEAR660,Pear,Bosc,Large,FreshFarms,A,Peru
GRAP661,Grape,Green,Small,OrganicLtd,A,Chile
PEAR662,Pear,Anjou,Medium,FarmCo,B,Spain
PEAC663,Peach,White,Small,OrganicLtd,B,Mexico
PEAC664,Peach,Yellow,Medium,OrganicLtd,B,Spain
BANA665,Banana,Cavendish,Small,OrganicLtd,B,Peru
ORAN666,Orange,Valencia,Large,FreshFarms,A,Spain
GRAP667,Grape,Red,Large,OrganicLtd,A,Canada
BERR668,Berry,Raspberry,Large,FarmCo,A,Brazil
PEAR669,Pear,Bosc,Medium,FreshFarms,C,Peru
APPL670,Apple,Fuji,Small,FarmCo,C,Mexico
BERR671,Berry,Strawberry,Medium,FarmCo,C,Chile
PEAR672,Pear,Bosc,Large,OrganicLtd,A,Brazil
MELO673,Melon,Honeydew,Large,OrganicLtd,B,Spain
BERR674,Berry,Blueberry,Small,FarmCo,B,Canada
BANA675,Banana,Cavendish,Small,OrganicLtd,C,Peru
PEAC676,Peach,Yellow,Large,FarmCo,C,Peru
MANG677,Mango,Ataulfo,Medium,FarmCo,A,Peru
PEAC678,Peach,White,Medium,OrganicLtd,C,Peru
PEAR679,Pear,Anjou,Small,OrganicLtd,A,Chile
APPL680,Apple,Fuji,Large,FarmCo,A,Mexico
GRAP681,Grape,Red,Medium,FreshFarms,C,Peru
PEAC682,Peach,White,Large,OrganicLtd,B,Brazil
MANG683,Mango,Kent,Medium,OrganicLtd,B,Canada
GRAP684,Grape,Green,Medium,OrganicLtd,C,USA
MANG685,Mango,Kent,Medium,FreshFarms,C,Peru
PEAC686,Peach,Yellow,Small,FreshFarms,C,USA
GRAP687,Grape,Red,Small,FreshFarms,C,Spain
PEAC688,Peach,White,Large,FreshFarms,C,Brazil
MELO689,Melon,Honeydew,Large,FarmCo,C,Spain
APPL690,Apple,Honeycrisp,Medium,FarmCo,B,Brazil
ORAN691,Orange,Navel,Small,FarmCo,C,Brazil
BANA692,Banana,Cavendish,Medium,FreshFarms,C,Mexico
MANG693,Mango,Ataulfo,Medium,FreshFarms,C,Chile
PEAR694,Pear,Bosc,Medium,OrganicLtd,B,Brazil
MELO695,Melon,Cantaloupe,Medium,FarmCo,C,Mexico
BANA696,Banana,Cavendish,Medium,FarmCo,A,USA
MANG697,Mango,Ataulfo,Small,OrganicLtd,C,USA
BANA698,Banana,Cavendish,Large,FarmCo,C,Canada
ORAN699,Orange,Valencia,Medium,FarmCo,B,Canada
APPL700,Apple,Fuji,Small,FarmCo,C,Peru
ORAN701,Orange,Valencia,Large,FreshFarms,C,Canada
BANA702,Banana,Cavendish,Large,FreshFarms,B,Brazil
PEAR703,Pear,Bosc,Medium,FreshFarms,B,Brazil
MANG704,Mango,Ataulfo,Small,FreshFarms,A,Spain
PEAC705,Peach,Yellow,Medium,FarmCo,A,Brazil
BERR706,Berry,Blueberry,Medium,FreshFarms,B,Mexico
BANA707,Banana,Cavendish,Small,OrganicLtd,B,Spain
PEAR708,Pear,Anjou,Small,FarmCo,C,Chile
MANG709,Mango,Ataulfo,Small,FarmCo,C,Canada
BANA710,Banana,Cavendish,Medium,OrganicLtd,C,USA
ORAN711,Orange,Valencia,Medium,FreshFarms,B,Canada
APPL712,Apple,Gala,Large,OrganicLtd,B,Peru
BANA713,Banana,Cavendish,Large,FarmCo,B,Mexico
ORAN714,Orange,Blood,Large,FreshFarms,C,USA
APPL715,Apple,Fuji,Large,FarmCo,B,Brazil
MANG716,Mango,Kent,Large,FarmCo,A,USA
BANA717,Banana,Cavendish,Medium,OrganicLtd,A,Canada
ORAN718,Orange,Blood,Large,FarmCo,A,Spain
GRAP719,Grape,Green,Small,OrganicLtd,B,Peru
GRAP720,Grape,Green,Large,FarmCo,C,Spain
PEAC721,Peach,White,Small,FarmCo,C,USA
PEAR722,Pear,Anjou,Large,OrganicLtd,B,Spain
ORAN723,Orange,Valencia,Large,FreshFarms,B,Brazil
APPL724,Apple,Gala,Medium,FarmCo,B,Mexico
PEAR725,Pear,Bosc,Small,FreshFarms,B,USA
BERR726,Berry,Strawberry,Small,FreshFarms,A,Mexico
PEAR727,Pear,Anjou,Large,FreshFarms,B,Chile
MANG728,Mango,Ataulfo,Medium,FarmCo,C,Peru
BANA729,Banana,Cavendish,Small,OrganicLtd,C,Peru
ORAN730,Orange,Valencia,Medium,FarmCo,A,USA
MANG731,Mango,Ataulfo,Medium,FreshFarms,C,Spain
BERR732,Berry,Strawberry,Medium,FreshFarms,A,Chile
APPL733,Apple,Honeycrisp,Medium,FarmCo,A,USA
MELO734,Melon,Cantaloupe,Small,FarmCo,A,Canada
GRAP735,Grape,Red,Small,OrganicLtd,A,Spain
PEAR736,Pear,Bosc,Medium,FreshFarms,C,Chile
BERR737,Berry,Blueberry,Small,FreshFarms,C,USA
PEAR738,Pear,Bosc,Medium,OrganicLtd,A,Brazil
BANA739,Banana,Cavendish,Small,OrganicLtd,C,Mexico
BERR740,Berry,Blueberry,Medium,FreshFarms,B,Chile
PEAC741,Peach,White,Medium,FreshFarms,C,Spain
GRAP742,Grape,Green,Large,FreshFarms,B,Peru
BERR743,Berry,Blueberry,Medium,OrganicLtd,A,Mexico
MANG744,Mango,Ataulfo,Medium,FreshFarms,C,Peru
BANA745,Banana,Cavendish,Medium,FarmCo,A,Chile
PEAR746,Pear,Bosc,Medium,OrganicLtd,C,Mexico
BANA747,Banana,Cavendish,Small,FreshFarms,A,Brazil
BANA748,Banana,Cavendish,Small,OrganicLtd,A,Peru
ORAN749,Orange,Blood,Large,FarmCo,C,Mexico
BANA750,Banana,Cavendish,Large,FreshFarms,B,USA
ORAN751,Orange,Valencia,Medium,FarmCo,B,Chile
MELO752,Melon,Cantaloupe,Large,FarmCo,C,Chile
MANG753,Mango,Ataulfo,Small,FarmCo,B,Spain
ORAN754,Orange,Blood,Small,OrganicLtd,A,Mexico
GRAP755,Grape,Green,Large,FreshFarms,A,Brazil
BERR756,Berry,Raspberry,Small,FarmCo,B,USA
APPL757,Apple,Gala,Medium,FreshFarms,A,Spain
BERR758,Berry,Blueberry,Large,FarmCo,B,USA
MANG759,Mango,Ataulfo,Medium,FarmCo,B,Spain
APPL760,Apple,Fuji,Medium,FarmCo,A,Chile
GRAP761,Grape,Green,Small,OrganicLtd,C,Mexico
BANA762,Banana,Cavendish,Large,OrganicLtd,B,Spain
ORAN763,Orange,Valencia,Medium,FreshFarms,B,USA
PEAC764,Peach,Yellow,Medium,FarmCo,A,Spain
GRAP765,Grape,Green,Medium,OrganicLtd,A,Brazil
MANG766,Mango,Kent,Large,FreshFarms,A,Brazil
APPL767,Apple,Fuji,Small,OrganicLtd,A,USA
PEAC768,Peach,White,Large,OrganicLtd,A,Brazil
BERR769,Berry,Strawberry,Large,OrganicLtd,B,Chile
BANA770,Banana,Cavendish,Small,FarmCo,A,Mexico
MANG771,Mango,Kent,Small,FreshFarms,B,Canada
BERR772,Berry,Raspberry,Medium,FreshFarms,C,Peru
APPL773,Apple,Fuji,Medium,FreshFarms,A,Spain
MANG774,Mango,Kent,Large,OrganicLtd,C,Brazil
BERR775,Berry,Strawberry,Large,FreshFarms,B,Spain
BANA776,Banana,Cavendish,Large,OrganicLtd,B,Mexico
ORAN777,Orange,Valencia,Large,FreshFarms,A,Canada
GRAP778,Grape,Red,Medium,FarmCo,C,Spain
ORAN779,Orange,Navel,Medium,FreshFarms,A,USA
PEAR780,Pear,Bosc,Small,FreshFarms,C,Brazil
MELO781,Melon,Cantaloupe,Small,FarmCo,C,Chile
APPL782,Apple,Fuji,Medium,FarmCo,C,USA
MANG783,Mango,Kent,Small,OrganicLtd,A,Chile
PEAR784,Pear,Bosc,Medium,OrganicLtd,A,Chile
GRAP785,Grape,Red,Small,FreshFarms,C,Spain
APPL786,Apple,Honeycrisp,Medium,OrganicLtd,B,Chile
PEAR787,Pear,Anjou,Small,OrganicLtd,B,Canada
ORAN788,Orange,Valencia,Medium,FreshFarms,A,Canada
BANA789,Banana,Cavendish,Small,OrganicLtd,A,Spain
PEAC790,Peach,Yellow,Medium,FarmCo,B,Chile
MANG791,Mango,Ataulfo,Small,FarmCo,C,Chile
MANG792,Mango,Kent,Large,FarmCo,C,USA
ORAN793,Orange,Navel,Medium,FreshFarms,C,Mexico
PEAR794,Pear,Bosc,Small,FarmCo,B,Brazil
GRAP795,Grape,Red,Medium,FarmCo,C,Canada
PEAC796,Peach,Yellow,Large,FreshFarms,C,Mexico
APPL797,Apple,Fuji,Medium,OrganicLtd,C,USA
PEAR798,Pear,Anjou,Medium,OrganicLtd,A,Chile
PEAR799,Pear,Bosc,Small,FarmCo,A,Canada
BERR800,Berry,Blueberry,Large,FreshFarms,A,Mexico
PEAC801,Peach,White,Small,FreshFarms,A,Spain
MANG802,Mango,Kent,Medium,FarmCo,B,Spain
PEAC803,Peach,Yellow,Large,OrganicLtd,B,Chile
BERR804,Berry,Strawberry,Large,OrganicLtd,C,Mexico
PEAR805,Pear,Anjou,Medium,FarmCo,C,Peru
ORAN806,Orange,Blood,Small,FarmCo,A,Canada
APPL807,Apple,Fuji,Small,FarmCo,C,Peru
MELO808,Melon,Cantaloupe,Large,FreshFarms,B,USA
BERR809,Berry,Strawberry,Small,OrganicLtd,A,Peru
MANG810,Mango,Ataulfo,Medium,FarmCo,A,Chile
GRAP811,Grape,Red,Medium,OrganicLtd,A,Peru
GRAP812,Grape,Green,Medium,FreshFarms,A,Canada
ORAN813,Orange,Valencia,Medium,FarmCo,B,Mexico
PEAR814,Pear,Bosc,Small,OrganicLtd,B,USA
MELO815,Melon,Honeydew,Large,FarmCo,B,Brazil
APPL816,Apple,Honeycrisp,Large,FarmCo,C,Brazil
ORAN817,Orange,Valencia,Large,FarmCo,C,Canada
ORAN818,Orange,Navel,Large,FreshFarms,C,Chile
BERR819,Berry,Strawberry,Small,FarmCo,B,Peru
GRAP820,Grape,Red,Medium,FreshFarms,A,Spain
MELO821,Melon,Cantaloupe,Small,FreshFarms,A,Canada
PEAC822,Peach,White,Medium,FarmCo,A,Brazil
BERR823,Berry,Raspberry,Small,FarmCo,B,Brazil
MANG824,Mango,Ataulfo,Large,FreshFarms,B,Mexico
GRAP825,Grape,Red,Medium,OrganicLtd,A,Brazil
BANA826,Banana,Cavendish,Small,FreshFarms,A,Canada
ORAN827,Orange,Valencia,Large,OrganicLtd,B,Chile
APPL828,Apple,Honeycrisp,Small,FreshFarms,C,Brazil
MELO829,Melon,Honeydew,Small,FarmCo,A,Peru
ORAN830,Orange,Navel,Large,OrganicLtd,A,Canada
BERR831,Berry,Blueberry,Large,FarmCo,B,Spain
BANA832,Banana,Cavendish,Medium,FarmCo,C,Spain
APPL833,Apple,Fuji,Small,FarmCo,C,Canada
PEAR834,Pear,Bosc,Large,OrganicLtd,C,USA
MANG835,Mango,Ataulfo,Medium,FreshFarms,C,USA
PEAR836,Pear,Bosc,Large,FreshFarms,B,Chile
BERR837,Berry,Strawberry,Large,FreshFarms,B,Peru
ORAN838,Orange,Valencia,Small,FarmCo,C,USA
MANG839,Mango,Ataulfo,Medium,FreshFarms,B,USA
BERR840,Berry,Raspberry,Medium,OrganicLtd,A,Spain
BERR841,Berry,Raspberry,Medium,FreshFarms,C,Brazil
PEAR842,Pear,Bosc,Medium,OrganicLtd,C,Chile
GRAP843,Grape,Green,Large,FarmCo,C,Spain
ORAN844,Orange,Valencia,Small,FreshFarms,A,USA
BANA845,Banana,Cavendish,Large,OrganicLtd,B,Mexico
BERR846,Berry,Strawberry,Large,FarmCo,A,Peru
PEAC847,Peach,White,Large,OrganicLtd,C,Peru
GRAP848,Grape,Red,Small,FreshFarms,B,Peru
PEAC849,Peach,Yellow,Small,OrganicLtd,B,USA
BANA850,Banana,Cavendish,Small,OrganicLtd,C,USA
ORAN851,Orange,Valencia,Small,OrganicLtd,A,Spain
PEAR852,Pear,Anjou,Medium,FreshFarms,C,Spain
BERR853,Berry,Raspberry,Large,OrganicLtd,B,Peru
MANG854,Mango,Kent,Small,FarmCo,C,Mexico
PEAR855,Pear,Bosc,Small,FarmCo,A,Chile
MELO856,Melon,Cantaloupe,Large,OrganicLtd,C,Brazil
MANG857,Mango,Ataulfo,Medium,FarmCo,C,Chile
MELO858,Melon,Honeydew,Large,OrganicLtd,A,Mexico
GRAP859,Grape,Green,Large,FreshFarms,C,Chile
APPL860,Apple,Fuji,Large,OrganicLtd,A,Brazil
GRAP861,Grape,Green,Large,FarmCo,B,Chile
GRAP862,Grape,Green,Medium,FreshFarms,A,Chile
GRAP863,Grape,Green,Large,FarmCo,C,Brazil
BERR864,Berry,Raspberry,Small,FarmCo,C,Canada
ORAN865,Orange,Blood,Small,OrganicLtd,C,Peru
APPL866,Apple,Gala,Small,FreshFarms,C,Brazil
ORAN867,Orange,Blood,Large,FarmCo,B,Peru
PEAR868,Pear,Anjou,Large,FreshFarms,B,Mexico
PEAC869,Peach,White,Medium,FreshFarms,B,USA
GRAP870,Grape,Red,Medium,OrganicLtd,A,Mexico
PEAC871,Peach,White,Medium,FreshFarms,B,Chile
PEAR872,Pear,Bosc,Large,FreshFarms,B,Canada
MANG873,Mango,Kent,Small,OrganicLtd,A,Chile
APPL874,Apple,Fuji,Medium,FreshFarms,B,USA
PEAC875,Peach,White,Small,FreshFarms,B,USA
MELO876,Melon,Honeydew,Medium,FreshFarms,C,Peru
BERR877,Berry,Strawberry,Medium,FarmCo,B,Spain
BANA878,Banana,Cavendish,Large,FreshFarms,C,Canada
MANG879,Mango,Kent,Medium,FarmCo,A,Canada
PEAR880,Pear,Bosc,Large,FarmCo,B,Brazil
PEAC881,Peach,Yellow,Medium,FarmCo,C,USA
MANG882,Mango,Ataulfo,Small,OrganicLtd,A,Brazil
ORAN883,Orange,Blood,Large,FreshFarms,C,USA
GRAP884,Grape,Red,Small,FarmCo,A,Canada
PEAC885,Peach,White,Small,FreshFarms,B,Chile
BERR886,Berry,Blueberry,Medium,FarmCo,A,Peru
MELO887,Melon,Cantaloupe,Medium,OrganicLtd,C,USA
PEAC888,Peach,White,Small,OrganicLtd,A,Peru
ORAN889,Orange,Blood,Small,FarmCo,C,Chile
BERR890,Berry,Strawberry,Large,FarmCo,C,Brazil
MELO891,Melon,Honeydew,Medium,FarmCo,B,Canada
BANA892,Banana,Cavendish,Medium,OrganicLtd,B,Spain
BERR893,Berry,Raspberry,Medium,FarmCo,B,USA
APPL894,Apple,Honeycrisp,Small,FarmCo,C,Canada
BANA895,Banana,Cavendish,Small,OrganicLtd,A,Chile
BANA896,Banana,Cavendish,Small,FarmCo,C,Mexico
PEAC897,Peach,White,Small,FreshFarms,B,Canada
APPL898,Apple,Gala,Large,FarmCo,B,Spain
BERR899,Berry,Blueberry,Small,OrganicLtd,C,Peru
BERR900,Berry,Blueberry,Small,FreshFarms,A,Canada
GRAP901,Grape,Red,Small,OrganicLtd,A,Chile
BANA902,Banana,Cavendish,Medium,OrganicLtd,C,Chile
ORAN903,Orange,Blood,Small,FreshFarms,B,Brazil
GRAP904,Grape,Green,Small,FreshFarms,B,Canada
ORAN905,Orange,Valencia,Small,FreshFarms,A,Canada
MANG906,Mango,Kent,Medium,FreshFarms,B,Spain
BERR907,Berry,Strawberry,Medium,FarmCo,A,Mexico
MANG908,Mango,Ataulfo,Large,OrganicLtd,C,Mexico
APPL909,Apple,Fuji,Small,FarmCo,B,Brazil
ORAN910,Orange,Navel,Medium,FreshFarms,C,Peru
PEAR911,Pear,Anjou,Small,OrganicLtd,C,Mexico
PEAC912,Peach,White,Medium,OrganicLtd,B,Brazil
PEAC913,Peach,Yellow,Medium,FarmCo,A,Spain
BERR914,Berry,Strawberry,Large,OrganicLtd,B,Mexico
PEAC915,Peach,Yellow,Large,FarmCo,B,USA
MANG916,Mango,Ataulfo,Medium,FreshFarms,C,Spain
PEAR917,Pear,Anjou,Large,FarmCo,B,Peru
BANA918,Banana,Cavendish,Small,FreshFarms,A,Spain
GRAP919,Grape,Green,Large,FarmCo,A,Mexico
PEAC920,Peach,Yellow,Medium,OrganicLtd,C,Chile
MELO921,Melon,Cantaloupe,Small,FreshFarms,C,Spain
MANG922,Mango,Ataulfo,Large,FreshFarms,C,Peru
BANA923,Banana,Cavendish,Large,OrganicLtd,B,Peru
PEAC924,Peach,White,Medium,FarmCo,B,Brazil
GRAP925,Grape,Green,Large,OrganicLtd,A,Spain
MANG926,Mango,Kent,Large,FarmCo,B,Spain
MANG927,Mango,Kent,Large,OrganicLtd,B,Mexico
MELO928,Melon,Honeydew,Large,FreshFarms,A,Canada
GRAP929,Grape,Red,Small,FarmCo,B,Mexico
BANA930,Banana,Cavendish,Small,OrganicLtd,C,Spain
BANA931,Banana,Cavendish,Small,FarmCo,B,Chile
GRAP932,Grape,Green,Small,FarmCo,B,Chile
BERR933,Berry,Strawberry,Medium,FreshFarms,B,Peru
MELO934,Melon,Honeydew,Small,OrganicLtd,C,Spain
APPL935,Apple,Gala,Medium,OrganicLtd,B,Chile
MANG936,Mango,Ataulfo,Large,OrganicLtd,A,USA
PEAC937,Peach,White,Large,FarmCo,C,Spain
GRAP938,Grape,Green,Large,FarmCo,A,USA
BANA939,Banana,Cavendish,Medium,FarmCo,B,Spain
BERR940,Berry,Raspberry,Large,OrganicLtd,B,Chile
ORAN941,Orange,Navel,Large,OrganicLtd,A,Mexico
BERR942,Berry,Raspberry,Large,FreshFarms,A,USA
ORAN943,Orange,Navel,Large,FreshFarms,A,Brazil
ORAN944,Orange,Valencia,Small,FreshFarms,A,USA
BANA945,Banana,Cavendish,Small,OrganicLtd,C,Mexico
PEAR946,Pear,Anjou,Medium,FarmCo,A,USA
MELO947,Melon,Honeydew,Medium,OrganicLtd,A,Chile
ORAN948,Orange,Blood,Medium,OrganicLtd,B,Canada
MELO949,Melon,Cantaloupe,Medium,OrganicLtd,A,Chile
APPL950,Apple,Honeycrisp,Large,FarmCo,B,Brazil
ORAN951,Orange,Navel,Small,FreshFarms,B,USA
GRAP952,Grape,Red,Small,FreshFarms,C,USA
ORAN953,Orange,Valencia,Medium,FarmCo,B,Mexico
BANA954,Banana,Cavendish,Small,FarmCo,C,Chile
APPL955,Apple,Fuji,Medium,OrganicLtd,C,Mexico
PEAC956,Peach,Yellow,Small,OrganicLtd,A,Canada
BANA957,Banana,Cavendish,Small,FreshFarms,B,Mexico
MANG958,Mango,Ataulfo,Medium,FarmCo,B,Peru
BANA959,Banana,Cavendish,Large,FreshFarms,B,Brazil
GRAP960,Grape,Green,Small,FarmCo,C,Chile
MELO961,Melon,Honeydew,Small,FarmCo,C,Canada
GRAP962,Grape,Red,Medium,FreshFarms,A,Brazil
PEAR963,Pear,Anjou,Large,FreshFarms,A,Canada
APPL964,Apple,Fuji,Large,FarmCo,C,Spain
MELO965,Melon,Cantaloupe,Large,FarmCo,A,Brazil
GRAP966,Grape,Green,Medium,OrganicLtd,A,Chile
PEAC967,Peach,Yellow,Medium,FreshFarms,C,USA
BERR968,Berry,Strawberry,Small,FreshFarms,C,Spain
ORAN969,Orange,Blood,Large,OrganicLtd,A,Peru
MELO970,Melon,Cantaloupe,Large,OrganicLtd,A,Mexico
PEAC971,Peach,White,Small,FarmCo,A,USA
BANA972,Banana,Cavendish,Small,FreshFarms,C,Canada
PEAC973,Peach,Yellow,Small,OrganicLtd,C,Brazil
ORAN974,Orange,Navel,Small,FreshFarms,C,Peru
MANG975,Mango,Kent,Small,FarmCo,A,Mexico
PEAC976,Peach,White,Medium,FreshFarms,C,Spain
PEAR977,Pear,Bosc,Large,OrganicLtd,C,Brazil
BANA978,Banana,Cavendish,Large,OrganicLtd,A,USA
GRAP979,Grape,Green,Large,FreshFarms,C,Brazil
PEAC980,Peach,White,Large,OrganicLtd,A,Spain
ORAN981,Orange,Valencia,Large,OrganicLtd,A,Canada
GRAP982,Grape,Red,Large,FreshFarms,B,Canada
PEAC983,Peach,White,Large,FreshFarms,A,Spain
ORAN984,Orange,Valencia,Medium,FarmCo,A,Mexico
PEAC985,Peach,Yellow,Medium,FarmCo,B,Spain
MANG986,Mango,Kent,Medium,OrganicLtd,B,Brazil
ORAN987,Orange,Blood,Medium,FreshFarms,C,USA
BANA988,Banana,Cavendish,Large,FreshFarms,B,USA
PEAC989,Peach,White,Small,FarmCo,C,Mexico
APPL990,Apple,Fuji,Medium,FreshFarms,B,Spain
PEAC991,Peach,Yellow,Medium,FreshFarms,C,Chile
APPL992,Apple,Gala,Small,FarmCo,C,Chile
PEAR993,Pear,Bosc,Large,FreshFarms,B,Mexico
MELO994,Melon,Honeydew,Medium,FarmCo,C,USA
GRAP995,Grape,Red,Large,FarmCo,A,Mexico
APPL996,Apple,Honeycrisp,Small,FreshFarms,B,Canada
MELO997,Melon,Cantaloupe,Medium,FreshFarms,C,Spain
BANA998,Banana,Cavendish,Small,OrganicLtd,A,Chile
PEAC999,Peach,White,Small,FreshFarms,A,Peru
MANG1000,Mango,Kent,Medium,FreshFarms,A,Brazil
